Workbook

Sheet Mapa de Impacto
A1: Why? | B1: Who? | C1: How? | F1: What? | G1: DUDAS | H1: Indicador SMART (como se mide y para cuando)
A2: ¿Por qué? | B2: ¿Quién? | C2: ¿Cómo? | D2: Problema | E2: Beneficio | F2: ¿Qué?
A3: Objetivo | B3: Actores | C3: Impacto | F3: Entregable
A4: Objetivo (SMART): al cierre de la liberacion 3 (06/11/2026), al menos 10 personas de prueba sostienen cada una una conversacion de 10 mensajes o mas con alguien que habla otro idioma (espanol-ingles), con menos del 20 % de traducciones reportadas como malas y un tiempo por traduccion de 3 segundos o menos (p95). Vision: ver contexto.md. | B4: Cliente Traductor | C4: Interactuar facil y rapidamente con personas que hablan otro idioma, traduciendo cada mensaje en tiempo real y conservando el contexto cultural, el tono y los modismos. | D4: Si no se traduce un mensaje en tiempo real no se puede sostener una converación con otra persona cuando no se conoce el idioma destino | E4: Tener una converación fluida con una persona que habla otro idioma | F4: Traduccion de mensajes | H4: Liberacion 1 (23/10/2026): el 80 % de los modismos del glosario de prueba se traducen con su equivalente cultural y en 3 segundos o menos (p95). Se mide con npm run medir.
C5: Empezar a conversar en menos de un minuto, configurando idioma y region destino una sola vez y sin tener que indicar el idioma propio. | D5: Si el usuario tiene que configurar todo y decir su idioma antes de hablar, pierde tiempo y la conversacion no arranca de inmediato. | E5: Empezar a hablar de una vez. | F5: Gestion de conversaciones / Administracion de idiomas y regiones | H5: Liberaciones 1 y 2: en la prueba con usuarios, una persona nueva crea la conversacion y envia su primer mensaje en menos de 1 minuto; el idioma de origen se reconoce bien en el 90 % de los primeros mensajes.
C6: Mantener el contexto de toda la charla, de modo que cada respuesta se traduzca dentro del mismo hilo sin reconfigurar nada. | D6: Si la conversacion no guarda la configuracion ni el hilo, cada mensaje queda suelto y se pierde el contexto de lo que se ha dicho. | E6: Conversar de corrido, con todo el hilo en un solo lugar. | F6: Gestion de conversaciones | H6: Liberacion 2 (30/10/2026): en la prueba con usuarios hay conversaciones de 10 mensajes o mas sin reconfigurar idiomas.
C7: Aprender y ganar confianza en el otro idioma apoyándose en conversaciones pasadas. | D7: Si las conversaciones no se guardan, al cerrar la app se pierde lo que se dijo y el usuario no puede repasar las frases ni aprender de ellas. | E7: Volver a conversaciones pasadas para repasar y ganar confianza en el otro idioma. | F7: Gestion de conversaciones | H7: Liberacion 2: el 100 % de las conversaciones quedan en el historial y se pueden reabrir; en la encuesta final, 7 de cada 10 personas dicen que repasarlas les ayudo.
C8: Tener las conversaciones y la configuracion guardadas en una cuenta segura que solo el usuario puede ver. | D8: Si no hay una cuenta, las conversaciones no quedan ligadas a nadie: cualquiera con el celular las podria ver y, si el usuario cambia de celular, las pierde. | E8: Tener las conversaciones guardadas y que sean solo del usuario. | F8: Cuenta de usuario | H8: Liberacion 3 (06/11/2026): 0 accesos de una persona a conversaciones de otra en las pruebas de seguridad; la persona puede eliminar su cuenta con todos sus datos.
C9: Sostener una conversación natural, hablando y escuchando como lo haría en su propio idioma. | D9: Si la traduccion solo sale en texto o con una voz que suena robotica, la otra persona no entiende bien lo que el usuario quiso decir y todo se siente forzado. | E9: Hablar y escuchar de forma natural, como en el propio idioma. | F9: Traduccion de mensajes | H9: Liberacion 1: el 100 % de los mensajes enviados por voz se escuchan traducidos; 7 de cada 10 personas de prueba califican la voz como comprensible.
C10: Contribuir a mejorar la calidad del servicio señalando las traducciones que no fueron correctas o naturales. | D10: Si el usuario no puede avisar cuando una traduccion sale mal, el error se queda y se repite, y termina desconfiando de la app. | E10: Ayudar a que las traducciones mejoren con el uso. | F10: Reportes | H10: Liberacion 3: cualquier traduccion se reporta en 2 toques o menos y el reporte llega al administrador.
B11: Interlocutor | C11: Participar en la conversacion en su propio idioma y en igualdad de condiciones, sin instalar la aplicacion ni crear una cuenta. | D11: Si la otra persona tiene que instalar la app o crear una cuenta para contestar, la conversacion no arranca o ella queda en desventaja. | E11: Que la otra persona hable en su idioma con el celular del usuario, sin cuenta. | F11: Participacion del interlocutor | H11: Liberacion 2: en la prueba con usuarios, la otra persona responde en su idioma con el celular del usuario, sin cuenta, en el 100 % de los casos.
B12: Administrador | C12: Ampliar la oferta de idiomas y regiones con calidad confiable, activando solo los que ya traducen bien. | D12: Si no se pueden agregar ni ajustar idiomas y regiones, la app se queda con lo que trajo al inicio y no le sirve a mas gente. | E12: Poder crecer a mas idiomas y regiones. | F12: Administracion de idiomas y regiones | H12: Liberacion 3: un idioma o region se agrega y activa sin cambiar codigo; solo se activan idiomas que pasan el glosario de prueba con 80 % o mas.
B13: Administrador | C13: Decidir que mejoras priorizar en el servicio a partir de los reportes de mala traduccion que envian los clientes. | D13: Si nadie revisa los reportes de mala traduccion, los errores no se corrigen y no se sabe que mejorar primero. | E13: Mejorar primero lo que mas afecta a los usuarios. | F13: Reportes | H13: Liberacion 3: el 100 % de los reportes abiertos se revisan (revisado o descartado) en menos de una semana.

Sheet Entregables
A1: Entregable | B1: IDENTIFICADOR HISTORIA USUARIO | C1: HISTORIA DE USUARIO | D1: Como | E1: Necesito poder | F1: Para | G1: Prioridad (valor) | H1: Talla | I1: Horas | J1: Sprint | K1: Por que genera valor | L1: Criterios de aceptacion
A2: Traduccion de mensajes | B2: HU0001 | C2: Ingresar mi mensaje hablando | D2: Cliente Traductor | E2: =C2 | F2: ='Mapa de Impacto'!C4 | G2: 3 | H2: L | I2: =VLOOKUP(H2,Planificacion!$A$4:$B$9,2,FALSE) | J2: 1 | K2: Es la forma natural de usar el producto: hablar y ser entendido sin escribir. | L2: 1. Dado que estoy en una conversacion en modo voz, cuando dicto mi mensaje (microfono del navegador o del teclado), entonces el texto aparece y se envia por el canal de voz. 2. Cuando el microfono no esta permitido o el dispositivo no puede dictar, entonces veo un aviso claro y puedo escribir el mensaje.
B3: HU0002 | C3: Ingresar mi mensaje escribiendo | D3: Cliente Traductor | E3: =C3 | F3: ='Mapa de Impacto'!C4 | G3: 2 | H3: S | I3: =VLOOKUP(H3,Planificacion!$A$4:$B$9,2,FALSE) | J3: 1 | K3: Es la entrada mas simple y la que permite usar la traduccion desde el primer dia. | L3: 1. Dado que estoy en una conversacion, cuando escribo un mensaje y lo envio, entonces aparecen mi mensaje original y su traduccion. 2. No se puede enviar un mensaje vacio ni de mas de 5000 caracteres.
B4: HU0003 | C4: Traducir mi mensaje al idioma destino en tiempo real | D4: Cliente Traductor | E4: =C4 | F4: ='Mapa de Impacto'!C4 | G4: 1 | H4: XXL | I4: =VLOOKUP(H4,Planificacion!$A$4:$B$9,2,FALSE) | J4: 1 | K4: Es el corazon del producto: sin esto TalkLate no entrega su valor diferencial. | L4: 1. Dado un mensaje con un modismo (ej. 'Hay que ponerse las pilas con el trabajo'), cuando lo envio, entonces la traduccion usa el equivalente cultural en la region destino ('We need to get cracking on the work') y no una version literal. 2. Cuando se adapto un modismo, entonces puedo ver una nota cultural que lo explica; si quedaron palabras sin traducir, la traduccion se marca como aproximada. 3. Cuando el servicio no puede traducir, entonces veo un mensaje de error en vez de un resultado vacio.
B5: HU0004 | C5: Escuchar el mensaje traducido | D5: Cliente Traductor | E5: =C5 | F5: ='Mapa de Impacto'!C9 | G5: 4 | H5: M | I5: =VLOOKUP(H5,Planificacion!$A$4:$B$9,2,FALSE) | J5: 1 | K5: Permite que la otra persona reciba el mensaje de forma comoda y natural. | L5: 1. Dado un mensaje traducido, cuando toco 'Escuchar', entonces se reproduce con la voz del idioma y pais destino. 2. La velocidad y el tono de la voz cambian segun la entonacion detectada (por ejemplo, alegre o preocupado).
B6: HU0005 | C6: Recibir la traduccion por el mismo canal que use | D6: Cliente Traductor | E6: =C6 | F6: ='Mapa de Impacto'!C9 | G6: 5 | H6: S | I6: =VLOOKUP(H6,Planificacion!$A$4:$B$9,2,FALSE) | J6: 1 | K6: Mantiene la experiencia coherente: si hablo, escucho; si escribo, leo. | L6: 1. Dado que envie el mensaje por voz, entonces la traduccion se reproduce sola y tambien queda escrita. 2. Dado que envie el mensaje por texto, entonces la traduccion solo se muestra escrita.
A7: Gestion de conversaciones | B7: HU0006 | C7: Seleccionar el idioma y la region destino | D7: Cliente Traductor | E7: =C7 | F7: ='Mapa de Impacto'!C5 | G7: 6 | H7: M | I7: =VLOOKUP(H7,Planificacion!$A$4:$B$9,2,FALSE) | J7: 1 | K7: Define a que persona y lugar se adapta el mensaje: de ahi sale el matiz cultural. | L7: 1. Dado que creo una conversacion, cuando elijo un idioma de destino, entonces solo veo las regiones validas para ese idioma. 2. No puedo empezar la conversacion si falta el idioma o la region destino.
B8: HU0007 | C8: Reconocer el idioma origen | D8: Cliente Traductor | E8: =C8 | F8: ='Mapa de Impacto'!C5 | G8: 7 | H8: L | I8: =VLOOKUP(H8,Planificacion!$A$4:$B$9,2,FALSE) | J8: 2 | K8: Evita configurar a mano el idioma cada vez y acelera la conversacion. | L8: 1. Dado que no elegi mi idioma, cuando envio mi primer mensaje, entonces el sistema lo reconoce y lo muestra en el encabezado de la conversacion. 2. Una vez reconocido, el idioma de origen no cambia en esa conversacion. 3. Cuando el mensaje es muy corto para reconocer el idioma, entonces se me pide escribir un poco mas.
B9: HU0008 | C9: Crear una conversacion | D9: Cliente Traductor | E9: =C9 | F9: ='Mapa de Impacto'!C6 | G9: 8 | H9: S | I9: =VLOOKUP(H9,Planificacion!$A$4:$B$9,2,FALSE) | J9: 2 | K9: Agrupa los mensajes de una misma charla para no perder el contexto. | L9: 1. Cuando creo una conversacion sin nombre, entonces se llama 'Nueva Conversacion'. 2. La conversacion creada aparece en el menu lateral y en el historial.
B10: HU0009 | C10: Configurar los parametros una sola vez | D10: Cliente Traductor | E10: =C10 | F10: ='Mapa de Impacto'!C6 | G10: 9 | H10: S | I10: =VLOOKUP(H10,Planificacion!$A$4:$B$9,2,FALSE) | J10: 2 | K10: Ahorra repetir la configuracion en cada mensaje. | L10: 1. Dado que ya elegi idioma y region destino al crear la conversacion, entonces los mensajes siguientes no me piden configurar nada. 2. El destino de la conversacion se mantiene mientras la uso.
B11: HU0010 | C11: Mantener el hilo continuo | D11: Cliente Traductor | E11: =C11 | F11: ='Mapa de Impacto'!C6 | G11: 10 | H11: M | I11: =VLOOKUP(H11,Planificacion!$A$4:$B$9,2,FALSE) | J11: 2 | K11: Hace posible un dialogo fluido, que es lo que busca el usuario. | L11: 1. Cuando envio varios mensajes seguidos, entonces cada uno se traduce y queda en el mismo hilo, en orden. 2. Cuando reabro la conversacion mas tarde, entonces veo todos los mensajes anteriores.
B12: HU0011 | C12: Consultar mi historial | D12: Cliente Traductor | E12: =C12 | F12: ='Mapa de Impacto'!C7 | G12: 14 | H12: M | I12: =VLOOKUP(H12,Planificacion!$A$4:$B$9,2,FALSE) | J12: 2 | K12: Permite repasar y aprender de conversaciones pasadas. | L12: 1. Cuando abro el historial, entonces veo mis conversaciones con su nombre, idiomas, numero de mensajes y ultimo mensaje, las mas recientes primero. 2. Puedo buscar una conversacion por su nombre. 3. Solo veo mis propias conversaciones.
B13: HU0012 | C13: Abrir una conversacion anterior | D13: Cliente Traductor | E13: =C13 | F13: ='Mapa de Impacto'!C7 | G13: 15 | H13: S | I13: =VLOOKUP(H13,Planificacion!$A$4:$B$9,2,FALSE) | J13: 2 | K13: Permite retomar una conversacion donde se dejo. | L13: 1. Cuando toco una conversacion del historial, entonces veo sus mensajes originales y traducidos en orden. 2. No puedo abrir la conversacion de otra persona.
B14: HU0013 | C14: Renombrar una conversacion | D14: Cliente Traductor | E14: =C14 | F14: ='Mapa de Impacto'!C7 | G14: 19 | H14: XS | I14: =VLOOKUP(H14,Planificacion!$A$4:$B$9,2,FALSE) | J14: 2 | K14: Ayuda a ubicar conversaciones, pero no cambia el valor central. | L14: 1. Cuando cambio el nombre, entonces debe tener entre 3 y 80 caracteres, sin caracteres especiales ni palabras ofensivas; si no, veo el motivo. 2. El nombre nuevo se ve en el encabezado, el menu y el historial.
B15: HU0014 | C15: Eliminar una conversacion | D15: Cliente Traductor | E15: =C15 | F15: ='Mapa de Impacto'!C7 | G15: 20 | H15: XS | I15: =VLOOKUP(H15,Planificacion!$A$4:$B$9,2,FALSE) | J15: 2 | K15: Da control sobre los datos propios; es de apoyo. | L15: 1. Cuando elijo eliminar, entonces la app me pide confirmar y me avisa que no se puede deshacer. 2. Al confirmar, la conversacion se borra con sus mensajes y reportes.
A16: Cuenta de usuario | B16: HU0015 | C16: Registrarme en la aplicacion | D16: Cliente Traductor | E16: =C16 | F16: ='Mapa de Impacto'!C8 | G16: 16 | H16: L | I16: =VLOOKUP(H16,Planificacion!$A$4:$B$9,2,FALSE) | J16: 3 | K16: Guarda las conversaciones del usuario y protege sus datos; el valor central no depende de esto. | L16: 1. Cuando me registro con datos validos, entonces la cuenta se crea y entro a la app. 2. La contrasena debe tener 8 o mas caracteres, una mayuscula, un numero y un simbolo; el correo debe tener formato valido. 3. Debo tener 13 anos o mas; si no, veo 'debes tener al menos 13 anos'. 4. Si el correo ya esta registrado, veo un aviso para iniciar sesion. 5. Debo aceptar la politica de tratamiento de datos (Ley 1581 de 2012); si no, no se crea la cuenta.
B17: HU0016 | C17: Iniciar sesion | D17: Cliente Traductor | E17: =C17 | F17: ='Mapa de Impacto'!C8 | G17: 17 | H17: M | I17: =VLOOKUP(H17,Planificacion!$A$4:$B$9,2,FALSE) | J17: 3 | K17: Da acceso seguro a lo guardado. | L17: 1. Con correo y contrasena correctos entro a la app; con datos incorrectos veo 'Usuario o contrasena incorrectos'. 2. Despues de varios intentos fallidos seguidos, el acceso se bloquea unos minutos. 3. Al cerrar y abrir la app sigo con la sesion iniciada.
B18: HU0017 | C18: Recuperar mi contrasena | D18: Cliente Traductor | E18: =C18 | F18: ='Mapa de Impacto'!C8 | G18: 21 | H18: L | I18: =VLOOKUP(H18,Planificacion!$A$4:$B$9,2,FALSE) | J18: 3 | K18: Evita perder la cuenta; es de apoyo. | L18: 1. Cuando pido recuperar la contrasena con un correo registrado, entonces recibo un codigo de 6 digitos que vence en 15 minutos. 2. Con un codigo correcto y una contrasena nueva que cumpla las reglas, la contrasena cambia; el codigo solo sirve una vez. 3. Con un codigo incorrecto o vencido veo que debo pedir uno nuevo. 4. Si el correo no esta registrado, veo que no hay una cuenta asociada.
B19: HU0018 | C19: Cerrar sesion | D19: Cliente Traductor | E19: =C19 | F19: ='Mapa de Impacto'!C8 | G19: 22 | H19: XS | I19: =VLOOKUP(H19,Planificacion!$A$4:$B$9,2,FALSE) | J19: 3 | K19: Protege la cuenta en un dispositivo compartido; solo tiene sentido despues de iniciar sesion, por eso va con ella en el sprint 3. | L19: 1. Cuando cierro sesion, entonces vuelvo a la pantalla de bienvenida. 2. El acceso anterior deja de funcionar aunque alguien lo conserve.
B20: HU0026 | C20: Eliminar mi cuenta | D20: Cliente Traductor | E20: =C20 | F20: ='Mapa de Impacto'!C8 | G20: 26 | H20: XS | I20: =VLOOKUP(H20,Planificacion!$A$4:$B$9,2,FALSE) | J20: 3 | K20: Cumple el derecho al olvido (Ley 1581 de 2012): la persona controla sus datos. | L20: 1. Dado que estoy en mi perfil, cuando elijo eliminar mi cuenta, entonces la app me pide mi contrasena y me avisa que no se puede deshacer. 2. Al confirmar, se borran mi cuenta, mis conversaciones, mis mensajes y mis reportes, y vuelvo a la pantalla de bienvenida. 3. Con una contrasena incorrecta la cuenta no se elimina.
A21: Participacion del interlocutor | B21: HU0019 | C21: Recibir el mensaje traducido | D21: Interlocutor | E21: =C21 | F21: ='Mapa de Impacto'!C11 | G21: 11 | H21: S | I21: =VLOOKUP(H21,Planificacion!$A$4:$B$9,2,FALSE) | J21: 2 | K21: Hace que la otra persona participe sin instalar ni operar la app. | L21: 1. Dado que la otra persona responde (se elige 'Otra persona' y se le pasa el celular), entonces su mensaje se traduce a mi idioma y se muestra a la izquierda, junto a su original. 2. La otra persona no necesita instalar la app ni crear una cuenta.
B22: HU0020 | C22: Responder en mi idioma | D22: Interlocutor | E22: =C22 | F22: ='Mapa de Impacto'!C11 | G22: 12 | H22: M | I22: =VLOOKUP(H22,Planificacion!$A$4:$B$9,2,FALSE) | J22: 2 | K22: Cierra el dialogo en ambos sentidos. | L22: 1. Cuando la otra persona escribe en su propio idioma, entonces su respuesta se traduce al idioma de la conversacion. 2. Para responder ya debe haberse reconocido mi idioma con mi primer mensaje.
A23: Reportes | B23: HU0021 | C23: Reportar una mala traduccion | D23: Cliente Traductor | E23: =C23 | F23: ='Mapa de Impacto'!C10 | G23: 18 | H23: M | I23: =VLOOKUP(H23,Planificacion!$A$4:$B$9,2,FALSE) | J23: 3 | K23: Alimenta la mejora de calidad con casos reales. | L23: 1. Cuando reporto una traduccion con un motivo de 3 a 500 caracteres, entonces el reporte se guarda y el mensaje queda marcado como 'Reportado'. 2. Solo puedo reportar una vez la misma traduccion y solo las de mis conversaciones.
B24: HU0022 | C24: Revisar los reportes de mala traduccion | D24: Administrador | E24: =C24 | F24: ='Mapa de Impacto'!C13 | G24: 23 | H24: M | I24: =VLOOKUP(H24,Planificacion!$A$4:$B$9,2,FALSE) | J24: 3 | K24: Permite priorizar que mejorar primero. | L24: 1. Dado que soy administrador, cuando abro los reportes, entonces veo el original, la traduccion, el motivo y la sugerencia, y puedo filtrar por abiertos, revisados o descartados. 2. Puedo marcar un reporte como revisado o descartado. 3. Un cliente que no es administrador no puede ver ni cambiar reportes.
A25: Administracion de idiomas y regiones | B25: HU0023 | C25: Consultar los idiomas disponibles | D25: Cliente Traductor | E25: =C25 | F25: ='Mapa de Impacto'!C5 | G25: 13 | H25: XS | I25: =VLOOKUP(H25,Planificacion!$A$4:$B$9,2,FALSE) | J25: 2 | K25: Muestra con que idiomas se puede hablar antes de empezar. | L25: 1. Cuando abro la configuracion de una conversacion, entonces veo solo los idiomas activos con sus regiones. 2. Los idiomas desactivados no aparecen en la lista.
B26: HU0024 | C26: Agregar un idioma o una region | D26: Administrador | E26: =C26 | F26: ='Mapa de Impacto'!C12 | G26: 24 | H26: M | I26: =VLOOKUP(H26,Planificacion!$A$4:$B$9,2,FALSE) | J26: 3 | K26: Hace crecer el servicio a mas personas. | L26: 1. Dado que soy administrador, cuando agrego un idioma, entonces necesita un nombre unico y un codigo de 2 a 5 letras, y queda desactivado hasta que lo active. 2. Una region no puede repetirse dentro del mismo pais; si el pais no existe, debo indicar su codigo de 2 letras. 3. Un cliente que no es administrador no puede agregar idiomas ni regiones.
B27: HU0025 | C27: Activar o desactivar un idioma o una region | D27: Administrador | E27: =C27 | F27: ='Mapa de Impacto'!C12 | G27: 25 | H27: XS | I27: =VLOOKUP(H27,Planificacion!$A$4:$B$9,2,FALSE) | J27: 2 | K27: Controla que idiomas se ofrecen con calidad suficiente. | L27: 1. Cuando activo un idioma, entonces aparece en el catalogo para crear conversaciones; cuando lo desactivo, deja de aparecer. 2. Las conversaciones ya creadas no se ven afectadas.

Sheet Planificacion
A1: Tallas y horas estimadas (una persona desarrolla) | D1: Capacidad de un sprint
A3: Talla | B3: Horas | D3: Dias del sprint | E3: 5
A4: XS | B4: 1 | D4: Horas por dia y por persona | E4: 4
A5: S | B5: 2 | D5: Personas | E5: 2
A6: M | B6: 4 | D6: Horas brutas por sprint | E6: =E3*E4*E5
A7: L | B7: 6 | D7: Porcentaje usable (el resto es planeacion, dailies, refinamiento y retrospectiva) | E7: 0.75
A8: XL | B8: 8 | D8: Horas disponibles por sprint | E8: =E6*E7
A9: XXL | B9: 12
A12: Plan por sprint
A13: Sprint | B13: Horas planeadas | C13: Horas disponibles | D13: Diferencia | E13: Historias | F13: Inicio | G13: Fin | H13: Liberacion
A14: 1 | B14: =SUMIF(Entregables!$J$2:$J$40,A14,Entregables!$I$2:$I$40) | C14: =$E$8 | D14: =C14-B14 | E14: HU0003, HU0002, HU0001, HU0004, HU0005, HU0006 | F14: 46314 | G14: 46318 | H14: Liberacion 1
A15: 2 | B15: =SUMIF(Entregables!$J$2:$J$40,A15,Entregables!$I$2:$I$40) | C15: =$E$8 | D15: =C15-B15 | E15: HU0007, HU0008, HU0009, HU0010, HU0019, HU0020, HU0023, HU0011, HU0012, HU0013, HU0014, HU0025 | F15: 46321 | G15: 46325 | H15: Liberacion 2
A16: 3 | B16: =SUMIF(Entregables!$J$2:$J$40,A16,Entregables!$I$2:$I$40) | C16: =$E$8 | D16: =C16-B16 | E16: HU0015, HU0016, HU0021, HU0017, HU0018, HU0022, HU0024, HU0026 | F16: 46328 | G16: 46332 | H16: Liberacion 3
A17: Total | B17: =SUM(B14:B16)
A19: Notas
A20: La prioridad va por valor para el negocio (no por dependencia): lo que mas valor genera es traducir; registrarse y cerrar sesion son de apoyo.
A21: Se llenan los sprints de mayor a menor valor hasta quedar cerca de las horas disponibles; si sobra espacio se acomoda una historia pequena de mas abajo.
A22: Las horas por talla son una estimacion; se pueden ajustar y las formulas recalculan los sprints.
A23: Metodologico: el plan de liberaciones se arma con estos sprints.

Sheet Plan de liberaciones
A1: Plan de liberaciones
A2: Cada sprint dura una semana (lunes a viernes) y termina con una liberacion. El primer sprint empieza el lunes 19/10/2026.
A4: Liberacion | B4: Sprint | C4: Inicio | D4: Fin | E4: Nombre | F4: Que recibe el usuario | G4: Historias | H4: Horas
A5: Liberacion 1 | B5: 1 | C5: 46314 | D5: 46318 | E5: Traduccion funcional | F5: El usuario puede escribir o hablar un mensaje, recibirlo traducido con el tono y los modismos adaptados, escucharlo y obtenerlo por el mismo canal. Es el valor central del producto. | G5: HU0003, HU0002, HU0001, HU0004, HU0005, HU0006 | H5: =SUMIF(Entregables!$J$2:$J$40,B5,Entregables!$I$2:$I$40)
A6: Liberacion 2 | B6: 2 | C6: 46321 | D6: 46325 | E6: Conversaciones completas | F6: El usuario organiza sus conversaciones (reconocer idioma, crear, hilo continuo, historial, renombrar y eliminar), la otra persona participa y el administrador controla que idiomas se activan. | G6: HU0007, HU0008, HU0009, HU0010, HU0019, HU0020, HU0023, HU0011, HU0012, HU0013, HU0014, HU0025 | H6: =SUMIF(Entregables!$J$2:$J$40,B6,Entregables!$I$2:$I$40)
A7: Liberacion 3 | B7: 3 | C7: 46328 | D7: 46332 | E7: Cuentas, calidad y administracion | F7: Registro con consentimiento de datos, inicio y cierre de sesion, recuperacion de contrasena, eliminar la cuenta, reportar y revisar malas traducciones, y agregar idiomas y regiones. | G7: HU0015, HU0016, HU0021, HU0017, HU0018, HU0022, HU0024, HU0026 | H7: =SUMIF(Entregables!$J$2:$J$40,B7,Entregables!$I$2:$I$40)
A9: Nota: el orden sale de la prioridad por valor; el plan es metodologico y las horas reales de cada semana pueden variar.

Sheet Traduccion de mensajes
A1: Entregable | B1: Traduccion de mensajes
A2: Actor | B2: Cliente Traductor
A3: Impacto (para) | B3: ='Mapa de Impacto'!C4&CHAR(10)&'Mapa de Impacto'!C9
A5: ← Volver al Mapa de Impacto
A7: Característica | B7: Como | C7: Necesito | D7: Para
A8: =Entregables!C2 | B8: =Entregables!D2 | C8: =Entregables!E2 | D8: =Entregables!F2
A9: =Entregables!C3 | B9: =Entregables!D3 | C9: =Entregables!E3 | D9: =Entregables!F3
A10: =Entregables!C4 | B10: =Entregables!D4 | C10: =Entregables!E4 | D10: =Entregables!F4
A11: =Entregables!C5 | B11: =Entregables!D5 | C11: =Entregables!E5 | D11: =Entregables!F5
A12: =Entregables!C6 | B12: =Entregables!D6 | C12: =Entregables!E6 | D12: =Entregables!F6

Sheet Gestion de conversaciones
A1: Entregable | B1: Gestion de conversaciones
A2: Actor | B2: Cliente Traductor
A3: Impacto (para) | B3: ='Mapa de Impacto'!C5&CHAR(10)&'Mapa de Impacto'!C6&CHAR(10)&'Mapa de Impacto'!C7
A5: ← Volver al Mapa de Impacto
A7: Característica | B7: Como | C7: Necesito | D7: Para
A8: =Entregables!C7 | B8: =Entregables!D7 | C8: =Entregables!E7 | D8: =Entregables!F7
A9: =Entregables!C8 | B9: =Entregables!D8 | C9: =Entregables!E8 | D9: =Entregables!F8
A10: =Entregables!C9 | B10: =Entregables!D9 | C10: =Entregables!E9 | D10: =Entregables!F9
A11: =Entregables!C10 | B11: =Entregables!D10 | C11: =Entregables!E10 | D11: =Entregables!F10
A12: =Entregables!C11 | B12: =Entregables!D11 | C12: =Entregables!E11 | D12: =Entregables!F11
A13: =Entregables!C12 | B13: =Entregables!D12 | C13: =Entregables!E12 | D13: =Entregables!F12
A14: =Entregables!C13 | B14: =Entregables!D13 | C14: =Entregables!E13 | D14: =Entregables!F13
A15: =Entregables!C14 | B15: =Entregables!D14 | C15: =Entregables!E14 | D15: =Entregables!F14
A16: =Entregables!C15 | B16: =Entregables!D15 | C16: =Entregables!E15 | D16: =Entregables!F15

Sheet Cuenta de usuario
A1: Entregable | B1: Cuenta de usuario
A2: Actor | B2: Cliente Traductor
A3: Impacto (para) | B3: ='Mapa de Impacto'!C8
A5: ← Volver al Mapa de Impacto
A7: Característica | B7: Como | C7: Necesito | D7: Para
A8: =Entregables!C16 | B8: =Entregables!D16 | C8: =Entregables!E16 | D8: =Entregables!F16
A9: =Entregables!C17 | B9: =Entregables!D17 | C9: =Entregables!E17 | D9: =Entregables!F17
A10: =Entregables!C18 | B10: =Entregables!D18 | C10: =Entregables!E18 | D10: =Entregables!F18
A11: =Entregables!C19 | B11: =Entregables!D19 | C11: =Entregables!E19 | D11: =Entregables!F19
A12: =Entregables!C20 | B12: =Entregables!D20 | C12: =Entregables!E20 | D12: =Entregables!F20

Sheet Participacion interlocutor
A1: Entregable | B1: Participacion del interlocutor
A2: Actor | B2: Interlocutor
A3: Impacto (para) | B3: ='Mapa de Impacto'!C11
A5: ← Volver al Mapa de Impacto
A7: Característica | B7: Como | C7: Necesito | D7: Para
A8: =Entregables!C21 | B8: =Entregables!D21 | C8: =Entregables!E21 | D8: =Entregables!F21
A9: =Entregables!C22 | B9: =Entregables!D22 | C9: =Entregables!E22 | D9: =Entregables!F22

Sheet Reportes
A1: Entregable | B1: Reportes
A2: Actor | B2: Cliente Traductor / Administrador
A3: Impacto (para) | B3: ='Mapa de Impacto'!C10&CHAR(10)&'Mapa de Impacto'!C13
A5: ← Volver al Mapa de Impacto
A7: Característica | B7: Como | C7: Necesito | D7: Para
A8: =Entregables!C23 | B8: =Entregables!D23 | C8: =Entregables!E23 | D8: =Entregables!F23
A9: =Entregables!C24 | B9: =Entregables!D24 | C9: =Entregables!E24 | D9: =Entregables!F24

Sheet Admin idiomas y regiones
A1: Entregable | B1: Administracion de idiomas y regiones
A2: Actor | B2: Cliente Traductor / Administrador
A3: Impacto (para) | B3: ='Mapa de Impacto'!C5&CHAR(10)&'Mapa de Impacto'!C12
A5: ← Volver al Mapa de Impacto
A7: Característica | B7: Como | C7: Necesito | D7: Para
A8: =Entregables!C25 | B8: =Entregables!D25 | C8: =Entregables!E25 | D8: =Entregables!F25
A9: =Entregables!C26 | B9: =Entregables!D26 | C9: =Entregables!E26 | D9: =Entregables!F26
A10: =Entregables!C27 | B10: =Entregables!D27 | C10: =Entregables!E27 | D10: =Entregables!F27
