Workbook

Sheet Modelo de dominio

Sheet Valores
A2: Tipo de dato | B2: Indicadores
A3: Alfanumerico | B3: Si
A4: Entero | B4: No
A5: Decimal
A6: Lógico
A7: Fecha
A8: Fecha y tiempo
A9: Usuario
A10: LenguajePorConversacion
A11: Conversacion
A12: Lenguaje

Sheet Objetos de dominio
A2: Objeto de dominio | B2: Descripción
A3: Usuario | B3: Entidad que define a un usuario registrado en la aplicación, guardando de él sus datos personales y de interés.
A4: Conversación | B4: Entidad que representa una sesión de comunicación entre usuarios, conteniendo múltiples mensajes intercambiados a través de un canal específico.
A5: Lenguage | B5: Entidad que representa un idioma disponible en el sistema para traducción y comunicación.
A6: LenguagePorConversación | B6: Entidad de relación que almacena las configuraciones de idioma específicas para cada conversación individual.
A7: MensajeOriginal | B7: Entidad que almacena el contenido original del mensaje antes de cualquier procesamiento o traducción.
A8: MensajeDestino | B8: Entidad que almacena el mensaje procesado/traducido listo para ser entregado al destinatario en su idioma preferido.
A9: Canal | B9: Entidad que define el medio a través del cual se transmiten los mensajes.
A10: Entonación | B10: Entidad que define el tono o estilo comunicativo a aplicar en los mensajes (formal, informal, técnico, etc.).
A11: Region | B11: Entidad que representa una región geográfica que puede influir en variaciones dialectales y culturales del lenguaje.
A12: Pais | B12: Entidad que representa un país específico, utilizado para contexto geográfico y configuraciones regionales.

Sheet Usuario
A1: Volver al inicio
A2: Objeto de dominio: | B2: Usuario
A3: Descripción: | B3: Entidad que define a un usuario registrado en la plataforma, guardando de él sus datos personales y de interés.
A4: Datos Simulados:
A5: Atributo | B5: Tipo de dato | C5: Longitud mínima | D5: Longitud máxima | E5: Precisión | F5: Rango inicial | G5: Rango final | H5: Formato | I5: Valor por defecto | J5: Regla especial | K5: ¿Autogenerado? | L5: ¿Calculado? | M5: ¿Obligatorio? | N5: ¿Sensible? | O5: ¿Identifica al registro? | P5: Descripción
A6: identificador | B6: Alfanumerico | C6: 36 | D6: 36 | H6: Formato de un identificador único universal (UUID) | J6: • Quitar espacios en blanco | K6: Si | L6: No | M6: Si | N6: No | O6: Si | P6: Identifica de manera única un usuario permitiendo diferenciar a cada uno
A7: nombre | B7: Alfanumerico | C7: 1 | D7: 50 | H7: Solo letras, números y espacios | J7: • Quitar espacios en blanco al inicio y final | K7: No | L7: No | M7: Si | N7: No | O7: No | P7: Dato que almacena el nombre del usuario
A8: apellido | B8: Alfanumerico | C8: 1 | D8: 50 | H8: Solo letras, números y espacios | J8: • Quitar espacios en blanco al inicio y final | K8: No | L8: No | M8: Si | N8: No | O8: No | P8: Dato que almacena el apellido del usuario
A9: correo | B9: Alfanumerico | C9: 5 | D9: 320 | H9: Solo letras y números | J9: • Quitar espacios en blanco | K9: No | L9: No | M9: Si | N9: Si | O9: Si | P9: Dato que almacena un correo electrónico del usuariopara contactoprivado o para uso de seguridad
A10: fechaNacimiento | B10: Fecha | H10: Formato de fecha | J10: • Fecha no mayor a la actual | K10: No | L10: No | M10: Si | N10: No | O10: Si | P10: Dato que almacena la fecha de nacimiento de un usuario
A12: Nombre combinación única | B12: Descripción | C12: Atributos involucrados
A13: Combinación única 1 | B13: No pueden existir dos usuarios con el mismo correo electrónico. | C13: correo
A15: Responsabilidad | B15: Descripción | C15: Entrada | D15: Salida | E15: Reglas de negocio | F15: Descripción Regla de Negocio | G15: Excepciones | H15: Respuesta del sistema
A16: Registrar Usuario | B16: Permite a una persona crear una nueva cuenta en la plataforma para acceder a sus servicios | C16: Usuario(Indentificador, Nombre,Apellido, correo, fecha de nacimiento) | D16: Respuesta(estado, mensaje) | E16: Usuario-RN-1 | F16: Verificar que el correo electrónico ingresado no esté asociado previamente a una cuenta activa. | G16: Ya existe un Usuario con el mismo correo | H16: El correo electrónico ingresado ya está registrado en TalkLate. Por favor inicie sesión.
E17: Usuario-RN-2 | F17: Calcular la edad del usuario basándose en la fecha de nacimiento proporcionada; el resultado debe ser igual o mayor a 13 años. | G17: El usuario debe ser mayor de 13 años para registrarse en la plataforma según normativas de protección de menores. | H17: Lo sentimos, debes ser mayor de 13 años para crear una cuenta.
E18: Usuario-RN-3 | F18: Validar mediante expresión regular que la cadena de texto del correo cumpla con el formato estándar (usuario@dominio.com). | G18: El correo electrónico debe tener un formato válido y estar verificado antes de activar la cuenta. | H18: El formato del correo es inválido. Por favor revíselo.
E19: Usuario-RN-4 | F19: La contraseña debe tener una longitud mínima de 8 caracteres e incluir al menos una mayúscula, un número y un carácter especial. | G19: La contraseña debe cumplir criterios mínimos de seguridad (mínimo 8 caracteres, combinación de letras, números y símbolos). | H19: La contraseña es débil. Debe tener al menos 8 caracteres, números y símbolos.
A20: Iniciar sesión | B20: Valida las credenciales del usuario para permitirle el acceso a la aplicación y recuperar sus configuraciones previas | C20: Usuario(correo, contraseña) | D20: Respuesta(estado, mensaje, token) | E20: Usuario-RN-5 | F20: Consultar si el correo existe y verificar que la contraseña ingresada coincida la almacenada. | G20: El correo o contraseña de usuario son incorrectos | H20: Usuario o contraseña incorrectos. Por favor verifique sus credenciales.
A21: Solicitar Recuperación de contraseña | B21: Genera y envía un código de validación al correo del usuario para validar su identidad | C21: correo | D21: Respuesta(estado, mensaje) | E21: Usuario-RN-6 | F21: Buscar en el repositorio de usuarios si existe una cuenta activa vinculada al correo proporcionado. | G21: El correo ingresado no corresponde a ningún usuario registrado | H21: No encontramos una cuenta asociada a este correo electrónico.
E22: Usuario-RN-7 | F22: Verificar la conexión y respuesta exitosa del servicio de envío de correos. | G22: Fallo en el servicio de mensajería | H22: Ocurrió un error al enviar el código. Por favor intente nuevamente más tarde.
A23: Restablecer Contraseña | B23: Valida que el usuario sea el correcto y actualiza su contraseña | C23: correo, código, nueva contraseña | D23: Respuesta(estado, mensaje) | E23: Usuario-RN-8 | F23: Comparar el código ingresado con el generado previamente y verificar que no haya pasado el tiempo límite de validez (ej. 15 min). | G23: El código ingresado es incorrecto o ha caducado su tiempo de validez | H23: El código de verificación es inválido o ha expirado. Solicite uno nuevo.
E24: Usuario-RN-9 | F24: Validar que la nueva contraseña cumpla con las mismas políticas de complejidad y seguridad definidas en el registro (RN-4). | G24: La nueva contraseña no cumple los requisitos de validez | H24: La nueva contraseña no es segura. Use al menos 8 caracteres, números y símbolos.
A25: Cerrar Sesión | B25: Finaliza la sesión actual del dispositivo, lismpiando los tokens de autenticación almacenados localmente | D25: Respuesta(estado, mensaje) | E25: Usuario-RN-10 | F25: Verificar que el token de autenticación enviado en la petición sea válido, no haya expirado y corresponda a una sesión activa. | G25: Por algún motivo se intenta cerrar una sesión inactiva | H25: La sesión ya ha expirado o no es válida.
A30: Identificador | B30: Descripción
A31: Conversacion-RN-1 | B31: Una conversación debe tener definido un idioma destino antes de iniciar la traducción.
A32: Conversacion-RN-2 | B32: El idioma origen se detecta automáticamente con el primer mensaje de audio y no puede cambiar durante esa conversación específica.
A33: Conversacion-RN-3 | B33: Los pares de idiomas origen-destino deben estar soportados por el sistema antes de iniciar una conversación.
A34: Conversacion-RN-4 | B34: El nombre de la conversación no puede contener caracteres especiales o palabras ofensivas.
A35: Conversacion-RN-5 | B35: No se puede modificar el identificador

Sheet Conversacion
A1: Volver al inicio
A2: Objeto de dominio: | B2: Conversacion
A3: Descripción: | B3: Entidad que representa una sesión de comunicación entre usuarios, conteniendo múltiples mensajes intercambiados a través de un canal específico.
A4: Datos Simulados:
A5: Atributo | B5: Tipo de dato | C5: Longitud mínima | D5: Longitud máxima | E5: Precisión | F5: Rango inicial | G5: Rango final | H5: Formato | I5: Valor por defecto | J5: Regla especial | K5: ¿Autogenerado? | L5: ¿Calculado? | M5: ¿Obligatorio? | N5: ¿Sensible? | O5: ¿Identifica al registro? | P5: Descripción
A6: identificador | B6: Alfanumerico | C6: 36 | D6: 36 | H6: Formato de un identificador único universal (UUID) | J6: • Quitar espacios en blanco | K6: Si | L6: No | M6: Si | N6: No | O6: Si | P6: Identifica de manera única un usuario permitiendo diferenciar a cada uno
A7: nombre | B7: Alfanumerico | C7: 3 | D7: 80 | H7: Solo letras, números y espacios | I7: Nueva Conversación | J7: • Quitar espacios en blanco al inicio y final | K7: Si | L7: No | M7: Si | N7: No | O7: No | P7: Dato que almacena el nombre de la conversacion
A8: fecha y hora de inicio | B8: Fecha y tiempo | H8: Formato de fecha y hora | K8: Si | L8: No | M8: Si | N8: No | O8: No | P8: Dato que almacena la fecha de inicio de la conversación
A9: usuario | B9: Usuario | H9: Remitirse al objeto referenciado | I9: Remitirse al objeto referenciado | J9: Remitirse al objeto referenciado | K9: Remitirse al objeto referenciado | L9: Remitirse al objeto referenciado | M9: Remitirse al objeto referenciado | N9: Remitirse al objeto referenciado | O9: Remitirse al objeto referenciado | P9: Representa al usuario que crea la conversación
A10: lenguajePorConversacion | B10: LenguajePorConversacion | H10: Remitirse al objeto referenciado | I10: Remitirse al objeto referenciado | J10: Remitirse al objeto referenciado | K10: Remitirse al objeto referenciado | L10: Remitirse al objeto referenciado | M10: Remitirse al objeto referenciado | N10: Remitirse al objeto referenciado | O10: Remitirse al objeto referenciado | P10: Representa la entidad LenguajePorConversacion asociada a la conversacion
A12: Nombre combinación única | B12: Descripción | C12: Atributos involucrados
A13: Sin combinación única | B13: La unicidad se garantiza únicamente por el identificador. El nombre puede repetirse (valor por defecto "Nueva Conversación"). | C13: —
A16: Responsabilidad | B16: Descripción | C16: Entrada | D16: Salida | E16: Reglas de negocio | F16: Descripción Regla de Negocio | G16: Excepciones | H16: Respuesta del sistema
A17: Configurar Parametros de Traducción | B17: Establece el contexto de la traducción antes de enviar mensajes. El usuario define el idioma y región destino (obligatorio) y opcionalmente el origen. | C17: Lenguaje, Region | D17: Respuesta(estado,mensaje) | E17: Conversacion-RN-1 | F17: Validar que la Región seleccionada esté asociada válidamente al Lenguaje elegido. | G17: Región no soportada para el lenguaje (ej. Región "Bogotá", Lenguaje "Japonés") | H17: La región seleccionada no es válida para este idioma. Por favor elige una combinación correcta.
E18: Conversacion-RN-2 | F18: Verificar que los campos de "Idioma Destino" y "Región Destino" no sean nulos, ya que son indispensables para configurar el motor de traducción. | G18: Configuración de datos obligatorios incompleta | H18: Para comenzar, debes seleccionar al menos el idioma y la región a la que quieres traducir.
A19: Traducir Mensaje | B19: Es la funcionalidad principal. Recibe el mensaje del usuario (Audio o Texto). Si el idioma origen no fue configurado, invoca la detección automática. Procesa el contenido buscando modismos y contexto emocional, y genera un MensajeDestino utilizando el mismo canal de entrada. | C19: MensajeOriginal | D19: Respuesta(estado, mensaje, MensajeDestino) | E19: Conversacion-RN-3 | F19: Si el origen no fue configurado, ejecutar el algoritmo de detección. | G19: El sistema no puede identificar el lenguaje o región del mensaje original con suficiente confianza | H19: No pudimos detectar el idioma o acento automáticamente. Por favor selecciónalo manualmente en la configuración.
E20: Conversacion-RN-4 | F20: Validar que el archivo de audio recibido tenga un formato compatible (mp3, wav, m4a), no esté vacío y su duración esté dentro de los límites permitidos. | G20: Audio corrompido durante la carga | H20: Hubo un error al procesar el audio. Por favor intenta grabar tu mensaje nuevamente.
A21: Consultar historial de conversaciones | B21: Recupera la lista de mensajes origen y destino para mostrarla en pantalla. | C21: Conversación(Indentificador) | D21: Lista<Conversacion> | E21: Conversacion-RN-5 | F21: Intentar realizar la consulta a la base de datos para obtener la lista de mensajes vinculados al ID de la conversación. | G21: Fallo al recuperar los datos del almacenamiento | H21: No pudimos cargar tu historial de mensajes en este momento. Desliza para reintentar.
A26: Identificador | B26: Descripción
A27: Conversacion-RN-1 | B27: Una conversación debe tener definido un idioma destino antes de iniciar la traducción.
A28: Conversacion-RN-2 | B28: El idioma origen se detecta automáticamente con el primer mensaje de audio y no puede cambiar durante esa conversación específica.
A29: Conversacion-RN-3 | B29: Los pares de idiomas origen-destino deben estar soportados por el sistema antes de iniciar una conversación.
A30: Conversacion-RN-4 | B30: El nombre de la conversación no puede contener caracteres especiales o palabras ofensivas.
A31: Conversacion-RN-5 | B31: No se puede modificar el identificador
A35: Responsabilidad | B35: Descripción | C35: Entrada | D35: Salida | E35: Reglas de negocio | F35: Excepciones
A36: Registrar Conversación | B36: Compartimiento que permite registrar la conversación | C36: Conversación(Indentificador, Nombre, fecha y hora de inicioidentificador de usuario, indetificador de lenguaje por conversación) | E36: Conversacion-RN-2 | F36: No se ha detectado unun idioma de origen
E37: Conversacion-RN-3 | F37: El sistema no soporta estos idiomas
E38: Conversacion-RN-4 | F38: El nombre de la conversación no puede contener caracteres especiales o palabras ofensivas.
E39: Conversacion-RN-5 | F39: No se puede modificar el identificador
A40: Eliminar Conversación | B40: Compartimiento que permite eliminar la conversación | C40: Conversación(Indentificador) | F40: No existe una conversación con el identificador ingresado
A41: Modificar Conversación
A43: Consultar Conversación | B43: Compartimiento que permite consultar la conversación | C43: Conversación(Indentificador, Nombre, fecha y hora de inicioidentificador de usuario, indetificador de lenguaje por conversación) | D43: Conversación[] | F43: No existe una conversación con los atributos ingresados

Sheet Lenguaje
A1: Volver al inicio
A2: Objeto de dominio: | B2: Lenguaje
A3: Descripción: | B3: Entidad que representa un idioma disponible en el sistema para traducción y comunicación.
A4: Datos Simulados:
A5: Atributo | B5: Tipo de dato | C5: Longitud mínima | D5: Longitud máxima | E5: Precisión | F5: Rango inicial | G5: Rango final | H5: Formato | I5: Valor por defecto | J5: Regla especial | K5: ¿Autogenerado? | L5: ¿Calculado? | M5: ¿Obligatorio? | N5: ¿Sensible? | O5: ¿Identifica al registro? | P5: Descripción
A6: identificador | B6: Alfanumerico | C6: 36 | D6: 36 | H6: Formato de un identificador único universal (UUID) | J6: • Quitar espacios en blanco | K6: Si | L6: No | M6: Si | N6: No | O6: Si | P6: Identifica de manera única un usuario permitiendo diferenciar a cada uno
A7: nombre | B7: Alfanumerico | C7: 1 | D7: 50 | H7: Solo letras, números y espacios | J7: • Quitar espacios en blanco al inicio y final | K7: No | L7: No | M7: Si | N7: No | O7: No | P7: Dato que almacena el nombre del idioma
A8: identificador de region | B8: Alfanumerico | C8: 36 | D8: 36 | H8: Formato de un identificador único universal (UUID) | J8: • Quitar espacios en blanco | K8: Si | L8: No | M8: Si | N8: No | O8: No | P8: Identifica de manera única una región que usa al lenguaje
A9: codigo | B9: Alfanumerico | C9: 2 | D9: 5 | H9: Solo letras y guiones | J9: • Formato ISO 639-1 o ISO 639-2 | K9: No | L9: No | M9: Si | N9: No | O9: No | P9: Código estandar del lenguaje (es, en fr, etc.)
A10: activo | B10: Lógico | C10: 1 | D10: 1 | H10: TRUE/FALSE | I10: FALSE | J10: • Formato ISO 639-1 o ISO 639-3 | K10: No | L10: No | M10: Si | N10: No | O10: No | P10: Indica si el idioma está disponible para traducción
A12: Nombre combinación única | B12: Descripción | C12: Atributos involucrados
A13: Combinación única 1 | B13: No pueden existir dos o más lenguajes con el mismo nombre. | C13: nombre
A14: Combinación única 2 | B14: No pueden existir dos o más lenguajes con el mismo código (ISO 639). | C14: codigo
A16: Responsabilidad | B16: Descripción | C16: Entrada | D16: Salida | E16: Reglas de negocio | F16: Excepciones
A17: Listar lenguajes disponibles | B17: Compartimiento que permite listar lenguajes disponibles para traducir | C17: Lenguaje(Indentificador, Nombre, identificador de región, codigo, activo) | E17: Conversacion-RN-1 | F17: El nombre de un lenguaje no puede repetirse
E18: Conversacion-RN-3 | F18: No pueden haber 2 Lenguajes con identificadores iguales
A19: Generar reporte de mala traducción | B19: Permite generar un reporte por mala traducción del modelo, promoviendo la mejora del modelo | C19: Lenguaje(indentificador)

Sheet LenguajePorConversacion
A1: Volver al inicio
A2: Objeto de dominio: | B2: LenguajePorConversacion
A3: Descripción: | B3: Entidad de relación que almacena las configuraciones de idioma específicas para cada conversación individual.
A4: Datos Simulados:
A5: Atributo | B5: Tipo de dato | C5: Longitud mínima | D5: Longitud máxima | E5: Precisión | F5: Rango inicial | G5: Rango final | H5: Formato | I5: Valor por defecto | J5: Regla especial | K5: ¿Autogenerado? | L5: ¿Calculado? | M5: ¿Obligatorio? | N5: ¿Sensible? | O5: ¿Identifica al registro? | P5: Descripción
A6: identificador | B6: Alfanumerico | C6: 36 | D6: 36 | H6: Formato de un identificador único universal (UUID) | J6: • Quitar espacios en blanco | K6: Si | L6: No | M6: Si | N6: No | O6: Si | P6: Identifica de manera única un usuario permitiendo diferenciar a cada uno
A7: nombre | B7: Alfanumerico | C7: 3 | D7: 5 | H7: Solo letras, números y espacios | I7: LC{n} | J7: • Incrementar n por cada registro creado | K7: Si | L7: Si | M7: Si | N7: No | O7: No | P7: Dato que almacena el nombre del registo
A8: conversacion | B8: Conversacion | H8: Remitirse al objeto referenciado | I8: Remitirse al objeto referenciado | J8: Remitirse al objeto referenciado | K8: Remitirse al objeto referenciado | L8: Remitirse al objeto referenciado | M8: Remitirse al objeto referenciado | N8: Remitirse al objeto referenciado | O8: Remitirse al objeto referenciado | P8: Representa la conversación a la que pertenece el lenguaje
A9: lenguaje | B9: Lenguaje | H9: Remitirse al objeto referenciado | I9: Remitirse al objeto referenciado | J9: Remitirse al objeto referenciado | K9: Remitirse al objeto referenciado | L9: Remitirse al objeto referenciado | M9: Remitirse al objeto referenciado | N9: Remitirse al objeto referenciado | O9: Remitirse al objeto referenciado | P9: Representa el lenguaje en el que está dada la conversación
A11: Nombre combinación única | B11: Descripción | C11: Atributos involucrados
A12: Combinación única 1 | B12: No puede repetirse el mismo lenguaje dentro de una misma conversación. | C12: conversacion
C13: lenguaje
A17: Responsabilidad | B17: Descripción | C17: Entrada | D17: Salida | E17: Reglas de negocio | F17: Excepciones
A18: Configurar el lenguaje | B18: Compartimiento que permite configurar el lenguaje al cual será traducido el mensaje original | C18: LenguajePorConversacion(Indentificador, Nombre) | E18: LenguajePorConversacion-RN-1 | F18: No se puede modificar el identificador
E19: LenguajePorConversacion-RN-2 | F19: No pueden haber 2 LenguajePorConversacion con identificadores iguales
A20: Detectar el lenguaje en el que se entrega un mensaje | B20: Permite que el modelo detecte el lenguaje que se recibe | C20: LenguajePorConversacion(Indentificador, Nombre) | F20: No existe un LenguajePorConversacion con el identificador ingresado

Sheet MensajeOriginal
A1: Volver al inicio
A2: Objeto de dominio: | B2: MensajeOriginal
A3: Descripción: | B3: Entidad que almacena el contenido original del mensaje antes de cualquier procesamiento o traducción.
A4: Datos Simulados:
A5: Atributo | B5: Tipo de dato | C5: Longitud mínima | D5: Longitud máxima | E5: Precisión | F5: Rango inicial | G5: Rango final | H5: Formato | I5: Valor por defecto | J5: Regla especial | K5: ¿Autogenerado? | L5: ¿Calculado? | M5: ¿Obligatorio? | N5: ¿Sensible? | O5: ¿Identifica al registro? | P5: Descripción
A6: identificador | B6: Alfanumérico | C6: 36 | D6: 36 | H6: Formato de un identificador único universal (UUID) | J6: • Quitar espacios en blanco | K6: Sí | L6: No | M6: Sí | N6: No | O6: Sí | P6: Identifica de manera única un mensaje original
A7: contenido | B7: Texto | C7: 1 | D7: 5000 | H7: Texto libre | J7: • No permitir solo espacios | K7: No | L7: No | M7: Sí | N7: Sí | O7: No | P7: Contenido textual del mensaje en su idioma original
A8: fechaCreacion | B8: Fecha | H8: Formato de fecha | I8: Fecha actual | J8: • Fecha no mayor a la actual | K8: Sí | L8: No | M8: Sí | N8: No | O8: No | P8: Fecha y hora de creación del mensaje
A9: lenguajeConversacion | B9: LenguajePorConversacion | H9: Remitirse al objeto referenciado | I9: Remitirse al objeto referenciado | J9: Remitirse al objeto referenciado | K9: Remitirse al objeto referenciado | L9: Remitirse al objeto referenciado | M9: Remitirse al objeto referenciado | N9: Remitirse al objeto referenciado | O9: Remitirse al objeto referenciado | P9: Representa el lenguaje en el cual ha sido expresado el mensaje en la conversación
A10: canal | B10: Canal | H10: Remitirse al objeto referenciado | I10: Remitirse al objeto referenciado | J10: Remitirse al objeto referenciado | K10: Remitirse al objeto referenciado | L10: Remitirse al objeto referenciado | M10: Remitirse al objeto referenciado | N10: Remitirse al objeto referenciado | O10: Remitirse al objeto referenciado | P10: Represesnta el canal en el cual se transmite el mensaje
A11: entonación | B11: Entonacion | H11: Remitirse al objeto referenciado | I11: Remitirse al objeto referenciado | J11: Remitirse al objeto referenciado | K11: Remitirse al objeto referenciado | L11: Remitirse al objeto referenciado | M11: Remitirse al objeto referenciado | N11: Remitirse al objeto referenciado | O11: Remitirse al objeto referenciado | P11: Representa la entonación con la que se dio el mensaje
A13: Nombre combinación única | B13: Descripción | C13: Atributos involucrados
A14: Sin combinación única | B14: Entidad transaccional (evento): la unicidad se garantiza únicamente por el identificador. | C14: —
A17: Responsabilidad | B17: Descripción | C17: Entrada | D17: Salida | E17: Reglas de negocio | F17: Excepciones
A18: Recibir mediante cualquier canal un mensaje | B18: Permitir recibir un mensaje mediante cualquera de los canales existentes | C18: MensajeOrigen(Indentificador, contenido, fechaCreación, lenguajeConversación, canal, entonacion) | E18: MensajeOrigen-RN-1 | F18: No se puede modificar el identificador
E19: MensajeOrigen-RN-2 | F19: No pueden haber 2 MensajeOrigen con identificadores iguales

Sheet MensajeDestino
A1: Volver al inicio
A2: Objeto de dominio: | B2: MensajeDestino
A3: Descripción: | B3: Entidad que almacena el mensaje procesado/traducido listo para ser entregado al destinatario en su idioma preferido.
A4: Datos Simulados:
A5: Atributo | B5: Tipo de dato | C5: Longitud mínima | D5: Longitud máxima | E5: Precisión | F5: Rango inicial | G5: Rango final | H5: Formato | I5: Valor por defecto | J5: Regla especial | K5: ¿Autogenerado? | L5: ¿Calculado? | M5: ¿Obligatorio? | N5: ¿Sensible? | O5: ¿Identifica al registro? | P5: Descripción
A6: identificador | B6: Alfanumérico | C6: 36 | D6: 36 | H6: Formato de un identificador único universal (UUID) | J6: • Quitar espacios en blanco | K6: Sí | L6: No | M6: Sí | N6: No | O6: Sí | P6: Identifica de manera única un mensaje destino
A7: mensajeOriginal | B7: Texto | C7: 1 | D7: 5000 | H7: Texto libre | J7: • No permitir solo espacios | K7: No | L7: No | M7: Sí | N7: No | O7: No | P7: Contenido del mensaje original sin procesar
A8: contenidoTraducido | B8: Texto | C8: 1 | D8: 5000 | H8: Texto libre | J8: • No permitir solo espacios | K8: No | L8: No | M8: Sí | N8: No | O8: No | P8: Contenido del mensaje traducido/procesado
A9: fechaCreacion | B9: Fecha | H9: Formato de fecha | I9: Fecha actual | J9: • Fecha no mayor a la actual | K9: Sí | L9: No | M9: Sí | N9: No | O9: No | P9: Fecha y hora de generación del mensaje destino
A10: estadoEntrega | B10: Alfanumérico | C10: 1 | D10: 15 | H10: Solo letras | I10: Pendiente | J10: • Valores: Pendiente, Enviado, Entregado, Fallido | K10: No | L10: No | M10: Sí | N10: No | O10: No | P10: Estado de entrega del mensaje
A11: lenguajeConversacion | B11: LenguajePorConversacion | H11: Remitirse al objeto referenciado | I11: Remitirse al objeto referenciado | J11: Remitirse al objeto referenciado | K11: Remitirse al objeto referenciado | L11: Remitirse al objeto referenciado | M11: Remitirse al objeto referenciado | N11: Remitirse al objeto referenciado | O11: Remitirse al objeto referenciado | P11: Representa el lenguaje en el cual ha sido expresado el mensaje en la conversación
A13: Nombre combinación única | B13: Descripción | C13: Atributos involucrados
A14: Sin combinación única | B14: Entidad transaccional (evento): unicidad por identificador. | C14: —
A18: Responsabilidad | B18: Descripción | C18: Entrada | D18: Salida | E18: Reglas de negocio | F18: Excepciones
A19: Generar la traducción de un mensaje original | B19: Compartimiento que permite registrar el MensajeDestino | C19: MensajeDestino(Indentificador, mensajeOriginal, contenidoTraducido, fechaCreación, estadoEntrega, lenguajeConversación) | E19: MensajeDestino-RN-1 | F19: No se puede modificar el identificador
E20: MensajeDestino-RN-2 | F20: No pueden haber 2 MensajeDestinos con identificadores iguales

Sheet Canal
A1: Volver al inicio
A2: Objeto de dominio: | B2: Canal
A3: Descripción: | B3: Entidad que define el medio a través del cual se transmiten los mensajes.
A4: Datos Simulados:
A5: Atributo | B5: Tipo de dato | C5: Longitud mínima | D5: Longitud máxima | E5: Precisión | F5: Rango inicial | G5: Rango final | H5: Formato | I5: Valor por defecto | J5: Regla especial | K5: ¿Autogenerado? | L5: ¿Calculado? | M5: ¿Obligatorio? | N5: ¿Sensible? | O5: ¿Identifica al registro? | P5: Descripción
A6: identificador | B6: Alfanumérico | C6: 36 | D6: 36 | H6: Formato de un identificador único universal (UUID) | J6: • Quitar espacios en blanco | K6: Sí | L6: No | M6: Sí | N6: No | O6: Sí | P6: Identifica de manera única un canal de comunicación
A7: nombre | B7: Alfanumérico | C7: 3 | D7: 50 | H7: Solo letras, números y espacios | J7: • Quitar espacios en blanco al inicio y final | K7: No | L7: No | M7: Sí | N7: No | O7: No | P7: Nombre descriptivo del canal (Email, SMS, WhatsApp, etc.)
A9: Nombre combinación única | B9: Descripción | C9: Atributos involucrados
A10: Combinación única 1 | B10: No pueden existir dos o más canales con el mismo nombre. | C10: nombre
A12: Responsabilidad | B12: Descripción | C12: Entrada | D12: Salida | E12: Reglas de negocio | F12: Excepciones
A13: Mostrar opciones en las que se puede enviar o entregar un mensaje | B13: Cuando el usuario haya configurado las opciones de traducción se le habilitarán un cuadro de texto para escribir el mensaje o un botón que le permita capturar el mensaje por voz | C13: Canal | E13: Canal-RN-1
E14: Canal-RN-2
A15: Identificar el canal de la conversación | B15: Cuando el usuario genere el mensaje se debe identificar el canal por el cual el mensaje fue entregado y establecer este canal por defecto para el resto de la conversación | E15: Canal-RN-3
A16: Entregar mensaje traducido | B16: Se debe aplicar el canal configurado al mensaje destino | C16: MensajeDestino, Canal | D16: MensajeDestino | E16: Canal-RN-4

Sheet Entonación
A1: Volver al inicio
A2: Objeto de dominio: | B2: Entonación
A3: Descripción: | B3: Entidad que define el tono o estilo comunicativo a aplicar en los mensajes (formal, informal, técnico, etc.).
A4: Datos Simulados:
A5: Atributo | B5: Tipo de dato | C5: Longitud mínima | D5: Longitud máxima | E5: Precisión | F5: Rango inicial | G5: Rango final | H5: Formato | I5: Valor por defecto | J5: Regla especial | K5: ¿Autogenerado? | L5: ¿Calculado? | M5: ¿Obligatorio? | N5: ¿Sensible? | O5: ¿Identifica al registro? | P5: Descripción
A6: identificador | B6: Alfanumérico | C6: 36 | D6: 36 | H6: Formato de un identificador único universal (UUID) | J6: • Quitar espacios en blanco | K6: Sí | L6: No | M6: Sí | N6: No | O6: Sí | P6: Identifica de manera única una entonación
A7: nombre | B7: Alfanumérico | C7: 3 | D7: 30 | H7: Solo letras y espacios | J7: • Quitar espacios en blanco al inicio y final | K7: No | L7: No | M7: Sí | N7: No | O7: No | P7: Nombre de la entonación (Formal, Informal, Técnico, etc.)
A8: activo | B8: Booleano | C8: 1 | D8: 1 | H8: true/false | I8: true | K8: No | L8: No | M8: Sí | N8: No | O8: No | P8: Indica si la entonación está disponible para uso
A10: Nombre combinación única | B10: Descripción | C10: Atributos involucrados
A11: Combinación única 1 | B11: No pueden existir dos o más entonaciones con el mismo nombre. | C11: nombre
A13: Responsabilidad | B13: Descripción | C13: Entrada | D13: Salida | E13: Reglas de negocio | F13: Excepciones
A14: Identificar el tono y matices de un mensaje | B14: Una vez recibido el mensaje origen, el sistema debe identificar el tono y matices que tenga ese mensaje | C14: MensajeOrigen | D14: Entonación | E14: Entonación-RN-1
E15: Entonación-RN-2
A16: Aplicar el tono y matiz de un mensaje original a un mensaje destino | B16: Tras identificar el tono y matices del mensaje original se deben aplicar estas caracteristicas al mensaje destino generado. | C16: MensajeDestino, Entonación | D16: MensajeDestino | E16: Entonación-RN-3

Sheet Región
A1: Volver al inicio
A2: Objeto de dominio: | B2: Región
A3: Descripción: | B3: Entidad que representa una región geográfica que puede influir en variaciones dialectales y culturales del lenguaje.
A4: Datos Simulados:
A5: Atributo | B5: Tipo de dato | C5: Longitud mínima | D5: Longitud máxima | E5: Precisión | F5: Rango inicial | G5: Rango final | H5: Formato | I5: Valor por defecto | J5: Regla especial | K5: ¿Autogenerado? | L5: ¿Calculado? | M5: ¿Obligatorio? | N5: ¿Sensible? | O5: ¿Identifica al registro? | P5: Descripción
A6: identificador | B6: Alfanumérico | C6: 36 | D6: 36 | H6: Formato de un identificador único universal (UUID) | J6: • Quitar espacios en blanco | K6: Sí | L6: No | M6: Sí | N6: No | O6: Sí | P6: Identifica de manera única una región
A7: nombre | B7: Alfanumérico | C7: 2 | D7: 100 | H7: Solo letras, números y espacios | J7: • Quitar espacios en blanco al inicio y final | K7: No | L7: No | M7: Sí | N7: No | O7: No | P7: Nombre de la región geográfica
A8: identificador de País | B8: Alfanumérico | C8: 36 | D8: 36 | H8: Formato de un identificador único universal (UUID) | J8: • Quitar espacios en blanco | K8: Sí | L8: No | M8: Sí | N8: No | O8: No | P8: Identifica de manera única el pais al que pertenece la región
A10: Nombre combinación única | B10: Descripción | C10: Atributos involucrados
A11: Combinación única 1 | B11: No pueden existir dos o más regiones con el mismo nombre dentro de un mismo país. | C11: nombre
C12: identificador de País
A14: Responsabilidad | B14: Descripción | C14: Entrada | D14: Salida | E14: Reglas de negocio | F14: Excepciones
A15: Listar regiones disponibles | B15: Al configurar las opciones de traducción, el usuario podrá ver una lista de las regiones disponibles para la traducción | D15: Lista de Regiones | E15: Región-RN-1
E16: Región-RN-2
A17: Configurar región destino | B17: El usuario puede seleccionar una región destino para la conversación, de esta forma los mensajes que se traduzcan tendrán esta configuración | C17: Región | E17: Región-RN-3
A18: Identificar región origen | B18: El sistema debe identificar de forma automatica la región a la que pertenece el mensaje que el usuario quiere traducir y configurarlo como parte de la traducción para el flujo de la conversación | C18: MensajeOrigen | D18: Región | E18: Región-RN-4
E19: Región-RN-5
A20: Aplicar matices culturales de la región al mensaje destino de forma automatica | B20: El sistema debe aplicar los matices culturales de la región destino al mensaje | C20: MensajeDestino, Región | D20: MensajeDestino | E20: Región-RN-6

Sheet Pais
A1: Volver al inicio
A2: Objeto de dominio: | B2: País
A3: Descripción: | B3: Entidad que representa un país específico, utilizado para contexto geográfico y configuraciones Paisales.
A4: Datos Simulados:
A5: Atributo | B5: Tipo de dato | C5: Longitud mínima | D5: Longitud máxima | E5: Precisión | F5: Rango inicial | G5: Rango final | H5: Formato | I5: Valor por defecto | J5: Regla especial | K5: ¿Autogenerado? | L5: ¿Calculado? | M5: ¿Obligatorio? | N5: ¿Sensible? | O5: ¿Identifica al registro? | P5: Descripción
A6: identificador | B6: Alfanumerico | C6: 36 | D6: 36 | H6: Formato de un identificador único universal (UUID) | J6: • Quitar espacios en blanco | K6: Si | L6: No | M6: Si | N6: No | O6: Si | P6: Identifica de manera única un usuario permitiendo diferenciar a cada uno
A7: nombre | B7: Alfanumerico | C7: 1 | D7: 50 | H7: Solo letras, números y espacios | J7: • Quitar espacios en blanco al inicio y final | K7: No | L7: No | M7: Si | N7: No | O7: No | P7: Dato que almacena el nombre del pais
A8: código | B8: Alfanumerico | C8: 2 | D8: 5 | H8: Solo letras maúsculas | J8: • Formato ISO 3166-1 alfa-2 | K8: No | L8: No | M8: Si | N8: No | O8: No | P8: Código estándar de país/región (CO, ES, MX, etc.)
A10: Nombre combinación única | B10: Descripción | C10: Atributos involucrados
A11: Combinación única 1 | B11: No pueden existir dos o más países con el mismo nombre. | C11: nombre
A12: Combinación única 2 | B12: No pueden existir dos o más países con el mismo código (ISO 3166-1 alfa-2). | C12: código
A14: Responsabilidad | B14: Descripción | C14: Entrada | D14: Salida | E14: Reglas de negocio | F14: Excepciones
A15: Identificar país según la región | B15: El sistema identifica automaticamente el país al cual pertenece una región | C15: Región | D15: País | E15: País-RN-1
E16: País-RN-2
E17: País-RN-3

Sheet MensajeOriginal-DatosSimulados
A2: Identificador | B2: LenguajeConversación | C2: Canal | D2: Contenido | E2: Fecha y hora de creación | F2: Entonación
A3: c5562264-d24f-45e8-a9b4-cb9e34553c1a | B3: ='LenguajePorConversación-DatosS'!B3 -> LC1 | C3: ='Canal-DatosSimulados'!B4 -> Voz | D3: Hay que ponerse las pilas con el trabajo | E3: 45789.542 | F3: ='Entonación-DatosSimulados'!B3 -> Preocupado
A4: 2ba604c5-d623-4ef7-9ae5-5b07a6660ad3 | B4: ='LenguajePorConversación-DatosS'!B4 -> LC2 | C4: ='Canal-DatosSimulados'!B4 -> Voz | D4: Let's start now | E4: 45789.542 | F4: ='Entonación-DatosSimulados'!B5 -> Neutral

Sheet Usuario-DatosSimulados
A1: Volver a usuario
A2: Identificador | B2: Nombre | C2: Apellido | D2: Correo | E2: Contraseña | F2: Fecha de nacimiento
A3: f256dadb-0261-4cd7-816d-0c386c9a11af | B3: Julian David | C3: Diaz Medina | D3: diazjulian460@gmail.com | E3: (Julian12345) | F3: 37362
A4: d72f77e6-007a-4856-abcb-e324c01794f5 | B4: Diego Alejandro | C4: Franco Atehortua | D4: dafa123.daf@gmail.com | E4: DaFa2904 | F4: 37375

Sheet MensajeDestino-DatosSimulados
A2: Identificador | B2: LenguajeConversación | C2: Mensaje Original | D2: Contenido Traducido | E2: Fecha y hora de creación
A3: c5562264-d24f-45e8-a9b4-cb9e34553c1a | B3: ='LenguajePorConversación-DatosS'!B4 -> LC2 | C3: ='MensajeOriginal-DatosSimulados'!D3 -> Hay que ponerse las pilas con el trabajo | D3: We need to get cracking on the work. | E3: 45789.542
A4: 2ba604c5-d623-4ef7-9ae5-5b07a6660ad3 | B4: ='LenguajePorConversación-DatosS'!B3 -> LC1 | C4: ='MensajeOriginal-DatosSimulados'!D4 -> Let's start now | D4: Empecemos de una vez. | E4: 45789.542

Sheet Lenguaje-DatosSimulados
A1: Volver a Lenguaje
A2: Identificador | B2: Nombre | C2: Región
A3: a4860311-3c5e-4011-a7da-55c30a5f359d | B3: Español | C3: ='Region-DatosSimulados'!B3 -> Antioquia
A4: 1d67422e-8f86-4fe5-9f23-e03a1df70a2c | B4: Inglés | C4: ='Region-DatosSimulados'!B4 -> California
A5: baa81e45-29a6-46af-90ca-f66c222ce516 | B5: Francés | C5: ='Region-DatosSimulados'!B5 -> Paris
A6: 30c4d9e3-bf40-42db-823f-6004dcddfd3c | B6: Portugués | C6: ='Region-DatosSimulados'!B6 -> Rio de janeiro

Sheet Region-DatosSimulados
A2: Identificador | B2: Nombre | C2: País
A3: a4860311-3c5e-4011-a7da-55c30a5f359d | B3: Antioquia | C3: ='Pais-DatosSimulados'!B3 -> Colombia
A4: 1d67422e-8f86-4fe5-9f23-e03a1df70a2c | B4: California | C4: ='Pais-DatosSimulados'!B4 -> Estados Unidos
A5: baa81e45-29a6-46af-90ca-f66c222ce516 | B5: Paris | C5: ='Pais-DatosSimulados'!B5 -> Francia
A6: 30c4d9e3-bf40-42db-823f-6004dcddfd3c | B6: Rio de janeiro | C6: ='Pais-DatosSimulados'!B6 -> Brasil

Sheet Pais-DatosSimulados
A2: Identificador | B2: Nombre
A3: 171b2fcf-0765-455c-951e-1c35908b9df4 | B3: Colombia
A4: b7e03685-0149-4720-9968-dfd7445f6358 | B4: Estados Unidos
A5: 4c176dd6-3536-4ba2-8aaa-afc32edcaef2 | B5: Francia
A6: 4b6b79a1-554d-48f9-b5bd-917bd96c24e4 | B6: Brasil

Sheet Canal-DatosSimulados
A2: Identificador | B2: Nombre
A3: ee10fa9d-22ff-4df1-a996-c4002b2cee24 | B3: Texto
A4: 8b58851e-5334-4114-b1a9-42cd6bf6d019 | B4: Voz

Sheet Conversación-DatosSimulados
A1: Volver a Conversacion
A2: Identificador | B2: Nombre | C2: Fecha y hora de inicio | D2: Usuario | E2: Lenguaje por conversación
A3: 1520f08a-4639-41ce-bae9-894372c0ad04 | B3: Conversación 1 | C3: 45789.542 | D3: ='Usuario-DatosSimulados'!B3 -> Julian David | E3: ='LenguajePorConversación-DatosS'!B3 -> LC1
A4: cbe289b6-02fe-4d69-8937-88cb3b2148ee | B4: Conversación 2 | C4: 45726.851 | D4: ='Usuario-DatosSimulados'!B4 -> Diego Alejandro | E4: ='LenguajePorConversación-DatosS'!B4 -> LC2

Sheet LenguajePorConversación-DatosS
A1: Volver a LenguajePorConversacion
A2: Identificador | B2: Nombre | C2: Conversación | D2: Lenguaje
A3: df06c57a-24ec-4a79-9f95-04394c51acd7 | B3: LC1 | C3: ='Conversación-DatosSimulados'!B3 -> Conversación 1 | D3: ='Lenguaje-DatosSimulados'!B3 -> Español
A4: bed1fbcf-975d-484e-82d2-0832d051fabe | B4: LC2 | C4: ='Conversación-DatosSimulados'!B3 -> Conversación 1 | D4: ='Lenguaje-DatosSimulados'!B4 -> Inglés

Sheet Entonación-DatosSimulados
A2: Identificador | B2: Nombre
A3: 0d895529-50b6-49f1-ac24-cd9d74e61e03 | B3: Preocupado
A4: 4925bb7c-5533-465f-8733-7236e1e4274e | B4: Amigable
A5: 2f3ab52d-53b3-47c8-9791-e34b7b2057f2 | B5: Neutral
A6: 2f3bb31d-53b3-47c8-9791-e34b7b2057f2 | B6: Enojado

Sheet Customer Journey Map
A1: Etapa | B1: Objetivo del usuario | C1: Acciones del usuario | D1: Puntos de contacto / Interfaz | E1: Funcionalidades clave | F1: Emociones / Experiencia | G1: Oportunidades de mejora
A2: 1. Registro | B2: Acceder a la aplicación y crear una cuenta | C2: Ingreso a la app, opción de “crear cuenta”, ingreso de datos personales | D2: Pantalla de inicio de sesión, formulario de registro | E2: Registro de usuario, validación de datos | F2: Expectativa, motivación | G2: Agilizar el proceso de registro, con opciones de redes sociales
A3: 2. Recuperación de contraseña | B3: Recuperar acceso en caso de olvido | C3: Selección de “restablecer contraseña”, ingreso de correo electrónico | D3: Pantalla de recuperación, correo de confirmación | E3: Envío automático de correo, enlace de recuperación | F3: Tranquilidad, confianza | G3: Mejorar la seguridad y la rapidez del proceso
A4: 3. Inicio de sesión | B4: Ingresar a la aplicación con credenciales | C4: Ingreso de usuario y contraseña, acceso a la app | D4: Pantalla de login, validación de credenciales | E4: Autenticación segura, redirección a la interfaz principal | F4: Confianza, satisfacción | G4: Agregar opciones de inicio con redes sociales
A5: 4. Configuración de idioma y región | B5: Seleccionar el idioma y la región de destino | C5: Elección del idioma y región antes de traducir el mensaje | D5: Menú de configuración, selector de idioma y región | E5: Personalización cultural, detección automática de idioma | F5: Confianza, claridad | G5: Mejorar la detección automática y sugerencias de región
A6: 5. Entrada de mensaje | B6: Escribir o hablar el mensaje a traducir | C6: Ingreso de texto o activación del micrófono para voz | D6: Campo de texto, botón de micrófono, interfaz de voz | E6: Entrada por texto o voz, detección automática del idioma | F6: Comodidad, versatilidad | G6: Optimizar la precisión del reconocimiento de voz y texto
A7: 6. Traducción cultural y emocional | B7: Obtener una traducción que mantenga el tono y la cultura | C7: Aplicación traduce el mensaje y lo adapta culturalmente | D7: Interfaz de traducción, motor de IA con análisis cultural y emocional | E7: Traducción adaptativa, equivalencias culturales, mantenimiento del tono | F7: Asombro, satisfacción | G7: Mejorar la precisión y naturalidad de las adaptaciones culturales
A8: 7. Entrega del mensaje traducido | B8: Recibir el mensaje en el canal original de entrada | C8: Visualizar o escuchar el mensaje traducido en el mismo formato que se utilizó para enviarlo | D8: Pantalla de resultados, reproductor de audio, interfaz de texto | E8: Adaptación del canal de entrega, traducción contextualizada | F8: Satisfacción, conexión emocional | G8: Mejorar la sincronización entre voz y texto, garantizar calidad en ambos formatos
A9: 8. Conversación continua | B9: Mantener un flujo de comunicación fluido y natural | C9: La app identifica automáticamente el idioma de la respuesta y traduce en consecuencia | D9: Interfaz de conversación, detección automática de idioma | E9: Traducción en tiempo real, adaptación continua del contexto | F9: Confianza, fluidez | G9: Optimizar la velocidad de traducción y precisión en contextos complejos
A10: 9. Retroalimentación y mejora | B10: Evaluar la calidad de la traducción y contribuir a la mejora | C10: Dejar comentarios, calificar la traducción, sugerir mejoras | D10: Pantalla de retroalimentación, formulario de feedback | E10: Aprendizaje automático, personalización de la app | F10: Satisfacción, confianza a largo plazo | G10: Implementar mejoras continuas basadas en feedback
